"household_income18-31k","household_income31-52k","household_income52-100k","household_income>100k","highest_qualificationCSEs","highest_qualificationO-levels/GCSEs","highest_qualificationProfessional (nursing/teaching)","highest_qualificationVocational (NVQ/HND/HNC)","highest_qualificationA-levels","highest_qualificationUniversity degree","employmentRetired","employmentOther economically inactive","employmentUnemployed","employmentUnable to work","housingRenter","housingOther","household_size2 people","household_size3-5 people","household_size6+ people","diet_score","alcohol_consumptionFormer drinker","alcohol_consumptionSocial drinker","alcohol_consumptionModerate drinker","alcohol_consumptionDaily drinker","salt_addedSometimes","salt_addedUsually","salt_addedAlways","sleep_hrs","sleep_catShort","sleep_catLong","insomniaSometimes","insomniaUsually","smoking_status_refinedFormer_Recent","smoking_status_refinedFormer_Long","smoking_status_refinedCurrent","pack_yrs","passive_total_hrs","passive_catLow","passive_catHigh","met_min_week_all","mh_sought_helpYes","work_job_satisfaction_num","neuroticism_score","breastfedYes","comparative_body_size_10About average","comparative_body_size_10Plumper","maternal_smoking_birthYes","birth_weight","no2_2010","pm2.5_2010","pm10_2010","urban_rural_3lvlTown","urban_rural_3lvlRural","dbp","grip_strength","whr","heel_bone_density","body_fat_mass","wbc","platelets","albumin","alp","alt","apoa1","apob","ast","bilirubin","total_cholesterol","creatinine","crp","cystatin_c","ggt","hba1c","hdl_cholesterol","ldl_direct","lpa","triglycerides","neutrophill_count","lymphocyte_count","monocyte_count"
0.01,0,0,0,0,0.01,0,0,0,0,0,0,0.24,0.15,0.08,0,0,0,0.01,0,0.02,0,0,0,0.04,0,0,0,0,0.01,0,0,0,0.17,0,0,0,0,0,0,0,0,0,0,0.04,0,0,0,0.01,0,0,0.02,0,0.01,0,0.02,0,0,0,0.01,0,0.02,0.01,0,0.02,0,0.11,0.01,0,0.34,0,0.02,0.03,0,0,0.13,0.34,0,0,0.01
0.01,0,0,0,0.01,0.01,0,0,0,0,0,0,0.26,0.16,0.12,0,0,0,0.01,0,0.04,0.01,0.01,0,0.07,0,0,0,0,0.01,0,0,0,0.17,0,0,0,0,0,0,0,0,0,0,0.04,0,0,0,0.02,0,0,0.03,0,0.01,0,0.02,0,0,0.01,0.01,0,0.03,0.01,0,0.02,0,0.12,0.01,0,0.37,0,0.02,0.04,0,0,0.13,0.34,0,0.01,0.01
0.01,0,0.01,0,0.01,0.03,0,0,0,0,0,0,0.3,0.17,0.12,0,0,0,0.01,0,0.04,0.01,0.03,0,0.08,0,0,0,0,0.01,0,0,0,0.22,0,0,0,0,0,0,0,0,0,0,0.05,0,0,0.01,0.02,0,0,0.03,0,0.02,0.01,0.03,0,0,0.01,0.01,0,0.04,0.01,0,0.02,0,0.13,0.01,0.01,0.42,0,0.02,0.04,0,0,0.15,0.41,0,0.01,0.01
0.01,0,0.01,0,0.01,0.03,0,0,0,0,0,0,0.34,0.18,0.13,0,0,0,0.01,0,0.04,0.01,0.03,0,0.09,0,0,0.02,0,0.02,0,0,0,0.23,0,0,0.02,0,0.01,0,0,0,0,0,0.08,0,0,0.01,0.02,0,0,0.03,0,0.02,0.01,0.04,0,0,0.01,0.01,0,0.05,0.01,0,0.02,0,0.15,0.01,0.01,0.43,0,0.02,0.06,0,0,0.17,0.46,0,0.01,0.01
0.03,0,0.01,0,0.01,0.03,0,0,0,0,0.01,0,0.37,0.18,0.17,0,0,0.01,0.01,0,0.06,0.03,0.04,0,0.11,0,0,0.02,0,0.03,0,0,0,0.27,0,0,0.02,0,0.01,0,0,0,0,0,0.1,0,0,0.01,0.03,0,0,0.03,0,0.02,0.01,0.05,0,0,0.01,0.01,0,0.08,0.01,0,0.02,0,0.19,0.03,0.01,0.46,0,0.03,0.06,0,0,0.17,0.49,0.01,0.01,0.01
0.03,0,0.01,0,0.01,0.03,0,0,0,0,0.01,0,0.41,0.21,0.19,0,0,0.01,0.01,0.01,0.06,0.04,0.07,0.01,0.13,0.01,0,0.02,0,0.03,0,0,0,0.31,0,0,0.02,0,0.01,0.01,0.01,0,0,0,0.13,0,0.02,0.01,0.03,0,0,0.03,0,0.02,0.01,0.05,0,0.01,0.01,0.03,0,0.08,0.02,0,0.02,0.01,0.22,0.05,0.01,0.49,0.02,0.04,0.07,0,0,0.19,0.51,0.01,0.01,0.01
0.03,0.01,0.01,0,0.01,0.03,0,0,0,0,0.01,0.01,0.43,0.23,0.24,0,0,0.01,0.01,0.02,0.08,0.06,0.08,0.01,0.15,0.01,0,0.02,0,0.04,0,0,0.01,0.37,0,0,0.04,0,0.01,0.01,0.02,0,0.01,0,0.14,0,0.02,0.02,0.03,0,0,0.05,0,0.02,0.02,0.07,0,0.03,0.02,0.03,0,0.08,0.03,0,0.02,0.01,0.22,0.05,0.01,0.51,0.03,0.04,0.1,0,0,0.2,0.54,0.01,0.01,0.02
0.03,0.01,0.01,0,0.01,0.04,0,0,0,0,0.01,0.01,0.46,0.24,0.28,0,0,0.01,0.01,0.02,0.09,0.06,0.09,0.01,0.16,0.01,0,0.02,0,0.05,0,0,0.01,0.42,0,0,0.04,0,0.01,0.01,0.02,0,0.02,0,0.16,0,0.03,0.02,0.04,0,0,0.05,0.01,0.02,0.02,0.11,0,0.03,0.02,0.03,0,0.08,0.03,0,0.03,0.01,0.22,0.06,0.02,0.51,0.03,0.05,0.11,0.01,0,0.2,0.55,0.02,0.02,0.03
0.06,0.01,0.03,0,0.02,0.07,0,0,0,0,0.01,0.01,0.48,0.26,0.29,0.02,0,0.01,0.01,0.02,0.09,0.06,0.09,0.01,0.19,0.01,0,0.02,0,0.07,0,0.01,0.01,0.45,0,0,0.05,0,0.01,0.01,0.03,0.01,0.02,0,0.19,0,0.03,0.02,0.06,0,0,0.08,0.01,0.06,0.03,0.12,0,0.04,0.02,0.04,0,0.14,0.03,0,0.02,0.02,0.25,0.08,0.03,0.57,0.05,0.05,0.12,0.02,0,0.22,0.58,0.02,0.02,0.06
0.06,0.03,0.05,0,0.03,0.08,0.01,0.01,0.01,0,0.01,0.01,0.52,0.28,0.33,0.02,0,0.02,0.02,0.03,0.14,0.08,0.11,0.02,0.23,0.01,0,0.03,0.01,0.07,0,0.01,0.02,0.46,0,0.01,0.05,0,0.01,0.01,0.03,0.02,0.02,0,0.2,0,0.05,0.02,0.08,0,0,0.1,0.01,0.08,0.03,0.16,0.01,0.04,0.03,0.06,0,0.16,0.04,0,0.04,0.02,0.26,0.09,0.05,0.58,0.05,0.07,0.14,0.03,0,0.22,0.61,0.03,0.02,0.06
0.07,0.03,0.05,0,0.03,0.14,0.01,0.01,0.01,0.01,0.01,0.01,0.53,0.29,0.35,0.02,0.01,0.02,0.02,0.05,0.15,0.08,0.14,0.04,0.27,0.01,0.02,0.03,0.01,0.07,0,0.02,0.03,0.48,0.01,0.01,0.07,0,0.01,0.01,0.03,0.02,0.02,0.01,0.22,0,0.05,0.02,0.08,0,0,0.1,0.01,0.11,0.03,0.19,0.01,0.04,0.04,0.06,0.01,0.18,0.05,0,0.04,0.02,0.27,0.1,0.05,0.6,0.06,0.08,0.14,0.03,0,0.25,0.61,0.05,0.02,0.07
0.07,0.04,0.07,0,0.05,0.17,0.01,0.02,0.02,0.01,0.01,0.02,0.53,0.3,0.35,0.03,0.01,0.03,0.02,0.07,0.16,0.09,0.14,0.04,0.3,0.01,0.02,0.04,0.01,0.09,0.01,0.03,0.03,0.5,0.01,0.01,0.07,0,0.01,0.01,0.03,0.02,0.02,0.01,0.24,0.01,0.06,0.02,0.09,0,0.01,0.1,0.01,0.13,0.04,0.25,0.01,0.05,0.05,0.06,0.01,0.19,0.05,0,0.05,0.03,0.27,0.1,0.06,0.62,0.06,0.08,0.15,0.04,0,0.25,0.64,0.05,0.02,0.07
0.08,0.04,0.08,0,0.05,0.18,0.02,0.02,0.03,0.01,0.01,0.03,0.57,0.33,0.37,0.06,0.02,0.04,0.02,0.07,0.16,0.09,0.16,0.04,0.33,0.01,0.03,0.06,0.01,0.1,0.01,0.03,0.04,0.53,0.01,0.01,0.1,0,0.02,0.01,0.03,0.03,0.02,0.04,0.24,0.01,0.07,0.03,0.1,0,0.02,0.1,0.02,0.14,0.04,0.26,0.01,0.05,0.05,0.07,0.01,0.2,0.05,0,0.05,0.06,0.28,0.11,0.06,0.67,0.06,0.09,0.19,0.04,0,0.25,0.65,0.05,0.03,0.08
0.1,0.05,0.11,0,0.06,0.19,0.02,0.02,0.04,0.01,0.02,0.03,0.61,0.34,0.39,0.07,0.02,0.04,0.02,0.07,0.17,0.09,0.16,0.05,0.37,0.01,0.03,0.07,0.01,0.11,0.01,0.03,0.04,0.57,0.02,0.02,0.11,0,0.03,0.02,0.03,0.04,0.04,0.04,0.27,0.02,0.1,0.03,0.11,0,0.03,0.11,0.02,0.17,0.04,0.26,0.01,0.05,0.05,0.07,0.01,0.21,0.05,0.01,0.05,0.08,0.28,0.13,0.07,0.67,0.07,0.09,0.22,0.04,0,0.25,0.67,0.06,0.03,0.09
0.1,0.06,0.11,0,0.06,0.2,0.02,0.04,0.06,0.01,0.04,0.03,0.64,0.35,0.43,0.07,0.02,0.05,0.04,0.07,0.19,0.12,0.17,0.05,0.4,0.01,0.03,0.09,0.01,0.12,0.01,0.03,0.04,0.62,0.02,0.02,0.13,0,0.04,0.04,0.03,0.06,0.06,0.04,0.27,0.02,0.12,0.05,0.13,0.01,0.03,0.11,0.02,0.18,0.04,0.27,0.01,0.06,0.06,0.07,0.01,0.21,0.05,0.02,0.06,0.1,0.28,0.15,0.08,0.71,0.07,0.1,0.22,0.04,0,0.25,0.71,0.06,0.04,0.1
0.12,0.07,0.12,0,0.07,0.21,0.02,0.04,0.06,0.02,0.05,0.04,0.67,0.35,0.45,0.07,0.02,0.06,0.06,0.07,0.22,0.13,0.19,0.06,0.41,0.01,0.04,0.1,0.02,0.12,0.01,0.07,0.07,0.67,0.02,0.02,0.14,0,0.04,0.04,0.03,0.09,0.08,0.04,0.28,0.02,0.14,0.06,0.14,0.01,0.04,0.17,0.02,0.2,0.04,0.28,0.01,0.06,0.06,0.1,0.04,0.24,0.05,0.03,0.07,0.11,0.28,0.15,0.08,0.73,0.08,0.1,0.25,0.06,0,0.25,0.72,0.07,0.05,0.12
0.13,0.09,0.13,0,0.08,0.25,0.02,0.04,0.07,0.02,0.05,0.04,0.69,0.36,0.49,0.08,0.03,0.06,0.06,0.08,0.24,0.14,0.22,0.06,0.42,0.03,0.06,0.11,0.02,0.12,0.01,0.07,0.07,0.7,0.02,0.03,0.16,0,0.04,0.04,0.03,0.13,0.1,0.04,0.3,0.03,0.15,0.06,0.15,0.01,0.04,0.17,0.02,0.22,0.05,0.33,0.01,0.07,0.06,0.11,0.05,0.26,0.06,0.03,0.08,0.15,0.29,0.16,0.08,0.73,0.09,0.11,0.25,0.06,0,0.25,0.77,0.07,0.06,0.16
0.14,0.1,0.15,0.01,0.08,0.26,0.02,0.04,0.08,0.03,0.07,0.04,0.7,0.39,0.51,0.1,0.05,0.07,0.07,0.08,0.27,0.16,0.24,0.07,0.45,0.03,0.06,0.12,0.02,0.13,0.02,0.07,0.07,0.72,0.02,0.05,0.2,0,0.04,0.04,0.05,0.13,0.1,0.06,0.34,0.03,0.15,0.07,0.15,0.02,0.04,0.18,0.02,0.23,0.06,0.33,0.03,0.07,0.06,0.14,0.05,0.29,0.07,0.03,0.09,0.17,0.3,0.18,0.08,0.75,0.1,0.12,0.28,0.06,0,0.26,0.77,0.07,0.06,0.18
0.15,0.1,0.16,0.01,0.11,0.26,0.02,0.04,0.08,0.03,0.07,0.04,0.73,0.42,0.53,0.1,0.05,0.07,0.07,0.09,0.31,0.17,0.27,0.07,0.48,0.04,0.06,0.12,0.02,0.15,0.02,0.07,0.07,0.73,0.03,0.05,0.22,0.01,0.04,0.04,0.07,0.15,0.11,0.06,0.36,0.03,0.16,0.07,0.17,0.02,0.05,0.18,0.02,0.27,0.06,0.33,0.03,0.09,0.06,0.17,0.06,0.3,0.07,0.04,0.12,0.2,0.3,0.19,0.1,0.76,0.12,0.12,0.29,0.07,0,0.27,0.79,0.08,0.06,0.2
0.16,0.13,0.18,0.01,0.11,0.28,0.03,0.04,0.09,0.04,0.07,0.06,0.76,0.44,0.55,0.11,0.1,0.07,0.07,0.1,0.33,0.2,0.29,0.08,0.52,0.05,0.06,0.15,0.02,0.15,0.02,0.07,0.08,0.74,0.03,0.06,0.23,0.01,0.04,0.05,0.08,0.15,0.13,0.07,0.36,0.03,0.17,0.09,0.21,0.03,0.06,0.2,0.05,0.29,0.06,0.35,0.03,0.1,0.06,0.18,0.06,0.33,0.07,0.04,0.13,0.21,0.31,0.22,0.1,0.76,0.13,0.13,0.31,0.07,0,0.28,0.81,0.09,0.07,0.21
0.18,0.13,0.2,0.02,0.13,0.3,0.04,0.04,0.1,0.05,0.08,0.06,0.76,0.46,0.62,0.11,0.1,0.08,0.08,0.13,0.34,0.2,0.31,0.1,0.56,0.06,0.07,0.16,0.02,0.16,0.02,0.08,0.08,0.74,0.03,0.07,0.25,0.01,0.04,0.05,0.09,0.18,0.14,0.08,0.39,0.03,0.18,0.11,0.23,0.04,0.06,0.21,0.05,0.31,0.06,0.4,0.03,0.12,0.08,0.21,0.1,0.33,0.07,0.04,0.13,0.23,0.3,0.23,0.1,0.76,0.14,0.14,0.34,0.07,0,0.29,0.84,0.11,0.07,0.22
0.19,0.14,0.23,0.02,0.15,0.34,0.05,0.04,0.1,0.07,0.08,0.07,0.77,0.46,0.64,0.12,0.1,0.08,0.08,0.14,0.38,0.23,0.33,0.1,0.59,0.07,0.08,0.17,0.03,0.19,0.03,0.1,0.1,0.75,0.03,0.09,0.27,0.01,0.04,0.05,0.1,0.18,0.14,0.08,0.41,0.04,0.19,0.12,0.26,0.04,0.09,0.22,0.05,0.35,0.06,0.45,0.03,0.13,0.09,0.24,0.11,0.33,0.08,0.04,0.15,0.24,0.32,0.24,0.11,0.76,0.15,0.15,0.35,0.07,0,0.29,0.88,0.11,0.08,0.23
0.2,0.15,0.24,0.03,0.15,0.38,0.05,0.04,0.11,0.07,0.09,0.07,0.78,0.48,0.64,0.12,0.1,0.08,0.09,0.15,0.39,0.24,0.34,0.12,0.6,0.07,0.1,0.17,0.04,0.19,0.04,0.1,0.11,0.79,0.03,0.09,0.29,0.01,0.05,0.05,0.13,0.2,0.15,0.08,0.45,0.04,0.2,0.13,0.29,0.04,0.1,0.23,0.05,0.37,0.06,0.48,0.04,0.14,0.1,0.25,0.12,0.35,0.09,0.04,0.16,0.28,0.31,0.24,0.11,0.76,0.16,0.15,0.41,0.07,0,0.29,0.9,0.11,0.1,0.23
0.23,0.15,0.26,0.04,0.18,0.39,0.06,0.05,0.12,0.07,0.09,0.07,0.78,0.5,0.65,0.13,0.1,0.09,0.09,0.16,0.41,0.24,0.34,0.13,0.61,0.08,0.13,0.18,0.04,0.19,0.05,0.1,0.11,0.8,0.03,0.12,0.3,0.03,0.06,0.07,0.13,0.21,0.16,0.09,0.47,0.04,0.23,0.14,0.29,0.04,0.13,0.24,0.06,0.42,0.07,0.51,0.04,0.16,0.11,0.26,0.13,0.37,0.09,0.05,0.17,0.29,0.3,0.26,0.13,0.76,0.17,0.16,0.43,0.07,0,0.29,0.91,0.16,0.14,0.26
0.25,0.17,0.29,0.05,0.18,0.41,0.07,0.06,0.18,0.07,0.1,0.07,0.79,0.53,0.67,0.14,0.11,0.09,0.09,0.18,0.42,0.25,0.37,0.13,0.65,0.09,0.14,0.18,0.05,0.2,0.06,0.1,0.11,0.81,0.04,0.13,0.31,0.03,0.06,0.07,0.15,0.21,0.16,0.09,0.49,0.05,0.25,0.14,0.31,0.04,0.13,0.25,0.06,0.43,0.08,0.53,0.04,0.17,0.11,0.27,0.16,0.42,0.09,0.06,0.17,0.29,0.31,0.28,0.14,0.75,0.17,0.16,0.46,0.09,0,0.31,0.91,0.17,0.14,0.29
0.25,0.18,0.3,0.05,0.21,0.43,0.07,0.08,0.19,0.08,0.11,0.08,0.81,0.53,0.69,0.14,0.13,0.09,0.09,0.2,0.45,0.28,0.39,0.13,0.65,0.09,0.14,0.18,0.06,0.21,0.08,0.11,0.11,0.81,0.04,0.14,0.33,0.04,0.07,0.07,0.15,0.23,0.19,0.1,0.52,0.06,0.25,0.15,0.31,0.06,0.13,0.26,0.06,0.45,0.08,0.55,0.04,0.17,0.12,0.27,0.18,0.45,0.09,0.06,0.2,0.3,0.31,0.32,0.14,0.75,0.19,0.17,0.47,0.1,0,0.31,0.92,0.21,0.14,0.29
0.26,0.18,0.32,0.06,0.22,0.44,0.09,0.09,0.19,0.09,0.11,0.08,0.81,0.54,0.7,0.15,0.13,0.1,0.1,0.22,0.45,0.3,0.41,0.13,0.69,0.09,0.17,0.18,0.06,0.22,0.09,0.14,0.13,0.81,0.04,0.15,0.36,0.07,0.09,0.07,0.17,0.25,0.2,0.1,0.54,0.07,0.27,0.16,0.33,0.07,0.14,0.26,0.06,0.48,0.11,0.57,0.04,0.18,0.12,0.28,0.19,0.46,0.1,0.07,0.2,0.31,0.3,0.33,0.14,0.75,0.19,0.17,0.47,0.12,0,0.31,0.93,0.22,0.14,0.29
0.26,0.19,0.34,0.08,0.22,0.47,0.1,0.13,0.19,0.1,0.12,0.08,0.81,0.55,0.72,0.16,0.16,0.11,0.1,0.25,0.46,0.33,0.42,0.13,0.72,0.09,0.18,0.19,0.07,0.23,0.1,0.14,0.14,0.81,0.04,0.16,0.37,0.08,0.11,0.1,0.18,0.26,0.23,0.11,0.54,0.07,0.29,0.17,0.33,0.07,0.17,0.27,0.08,0.49,0.11,0.6,0.06,0.2,0.12,0.29,0.21,0.46,0.12,0.07,0.21,0.31,0.3,0.33,0.17,0.75,0.21,0.2,0.49,0.13,0,0.32,0.94,0.25,0.14,0.31
0.26,0.22,0.34,0.09,0.22,0.49,0.11,0.14,0.22,0.1,0.12,0.09,0.81,0.57,0.74,0.17,0.16,0.11,0.1,0.29,0.47,0.37,0.44,0.13,0.73,0.11,0.19,0.19,0.08,0.23,0.11,0.14,0.14,0.81,0.04,0.17,0.39,0.08,0.11,0.11,0.21,0.28,0.24,0.11,0.54,0.07,0.29,0.17,0.34,0.07,0.18,0.27,0.09,0.5,0.11,0.6,0.06,0.2,0.12,0.3,0.21,0.47,0.12,0.07,0.25,0.31,0.3,0.33,0.21,0.75,0.21,0.2,0.49,0.15,0,0.32,0.94,0.27,0.15,0.33
0.27,0.23,0.35,0.11,0.24,0.5,0.12,0.15,0.22,0.11,0.13,0.1,0.82,0.62,0.76,0.19,0.17,0.12,0.1,0.31,0.49,0.37,0.46,0.15,0.73,0.13,0.19,0.2,0.09,0.24,0.12,0.14,0.15,0.82,0.05,0.18,0.39,0.08,0.11,0.12,0.21,0.29,0.26,0.11,0.56,0.07,0.29,0.18,0.34,0.07,0.21,0.27,0.1,0.5,0.13,0.6,0.07,0.21,0.12,0.33,0.21,0.47,0.13,0.07,0.25,0.31,0.3,0.34,0.24,0.75,0.21,0.2,0.5,0.15,0,0.33,0.94,0.27,0.17,0.34
0.3,0.23,0.35,0.12,0.26,0.5,0.12,0.15,0.24,0.13,0.13,0.11,0.82,0.63,0.76,0.19,0.17,0.12,0.1,0.36,0.52,0.39,0.46,0.17,0.73,0.14,0.2,0.21,0.1,0.24,0.14,0.15,0.18,0.83,0.05,0.18,0.43,0.08,0.11,0.12,0.22,0.3,0.3,0.13,0.57,0.07,0.31,0.19,0.38,0.07,0.22,0.28,0.12,0.51,0.13,0.62,0.09,0.23,0.13,0.37,0.22,0.48,0.15,0.07,0.3,0.31,0.3,0.35,0.24,0.75,0.22,0.23,0.51,0.17,0.02,0.33,0.94,0.29,0.2,0.36
0.32,0.24,0.37,0.12,0.27,0.51,0.13,0.16,0.27,0.13,0.14,0.14,0.83,0.64,0.77,0.22,0.17,0.13,0.11,0.37,0.54,0.39,0.46,0.19,0.76,0.14,0.22,0.21,0.1,0.26,0.16,0.17,0.22,0.84,0.05,0.21,0.46,0.11,0.12,0.13,0.24,0.31,0.3,0.15,0.58,0.07,0.33,0.21,0.39,0.07,0.22,0.29,0.12,0.52,0.16,0.62,0.09,0.23,0.13,0.41,0.24,0.48,0.16,0.08,0.32,0.33,0.3,0.36,0.26,0.75,0.22,0.26,0.51,0.19,0.02,0.33,0.94,0.31,0.23,0.38
0.35,0.25,0.4,0.14,0.28,0.52,0.13,0.17,0.29,0.13,0.16,0.15,0.84,0.66,0.77,0.24,0.19,0.14,0.12,0.38,0.57,0.4,0.47,0.2,0.76,0.14,0.24,0.22,0.1,0.26,0.18,0.18,0.23,0.84,0.05,0.23,0.48,0.12,0.13,0.14,0.25,0.33,0.3,0.15,0.59,0.08,0.34,0.21,0.4,0.1,0.22,0.3,0.13,0.55,0.17,0.63,0.11,0.24,0.13,0.46,0.26,0.49,0.18,0.12,0.34,0.35,0.29,0.36,0.26,0.75,0.25,0.26,0.52,0.2,0.02,0.33,0.95,0.31,0.24,0.39
0.36,0.26,0.43,0.18,0.31,0.52,0.14,0.18,0.31,0.14,0.18,0.15,0.85,0.68,0.78,0.25,0.2,0.14,0.13,0.41,0.61,0.41,0.47,0.21,0.77,0.15,0.27,0.23,0.1,0.26,0.21,0.19,0.24,0.84,0.05,0.28,0.5,0.12,0.15,0.16,0.27,0.35,0.31,0.17,0.6,0.1,0.36,0.23,0.42,0.11,0.23,0.31,0.14,0.55,0.19,0.65,0.13,0.26,0.14,0.49,0.26,0.51,0.2,0.12,0.36,0.36,0.29,0.39,0.26,0.74,0.25,0.28,0.53,0.21,0.02,0.33,0.96,0.34,0.27,0.4
0.38,0.28,0.47,0.19,0.31,0.52,0.15,0.18,0.33,0.14,0.2,0.17,0.86,0.71,0.8,0.28,0.21,0.14,0.15,0.41,0.62,0.41,0.48,0.21,0.78,0.17,0.28,0.26,0.1,0.27,0.21,0.19,0.24,0.84,0.08,0.3,0.5,0.13,0.16,0.19,0.29,0.36,0.31,0.18,0.61,0.1,0.36,0.24,0.45,0.12,0.25,0.31,0.15,0.57,0.2,0.67,0.16,0.26,0.14,0.51,0.28,0.51,0.2,0.14,0.36,0.36,0.29,0.4,0.28,0.74,0.25,0.28,0.55,0.23,0.03,0.33,0.96,0.39,0.28,0.41
0.39,0.3,0.47,0.19,0.33,0.57,0.17,0.19,0.35,0.14,0.21,0.18,0.87,0.71,0.8,0.28,0.22,0.14,0.15,0.41,0.67,0.41,0.49,0.21,0.78,0.18,0.31,0.28,0.1,0.28,0.23,0.19,0.27,0.84,0.08,0.31,0.51,0.13,0.16,0.22,0.3,0.37,0.31,0.2,0.62,0.11,0.38,0.25,0.47,0.15,0.25,0.33,0.16,0.59,0.23,0.67,0.16,0.28,0.15,0.54,0.29,0.54,0.22,0.14,0.36,0.37,0.29,0.4,0.3,0.74,0.25,0.28,0.56,0.24,0.03,0.33,0.97,0.43,0.3,0.41
0.39,0.31,0.49,0.19,0.34,0.58,0.18,0.2,0.37,0.15,0.23,0.2,0.87,0.74,0.81,0.3,0.22,0.15,0.16,0.44,0.69,0.41,0.5,0.23,0.78,0.18,0.32,0.28,0.12,0.31,0.25,0.22,0.29,0.84,0.09,0.32,0.52,0.13,0.16,0.25,0.33,0.38,0.31,0.21,0.67,0.12,0.38,0.25,0.51,0.17,0.25,0.36,0.17,0.62,0.24,0.67,0.16,0.3,0.15,0.55,0.31,0.55,0.23,0.15,0.38,0.38,0.29,0.41,0.3,0.74,0.26,0.3,0.58,0.27,0.03,0.35,0.97,0.44,0.32,0.43
0.4,0.32,0.49,0.19,0.37,0.59,0.18,0.2,0.38,0.15,0.25,0.2,0.88,0.76,0.82,0.32,0.24,0.17,0.17,0.45,0.7,0.42,0.52,0.24,0.78,0.18,0.33,0.28,0.13,0.32,0.25,0.23,0.31,0.86,0.1,0.34,0.52,0.15,0.17,0.28,0.36,0.4,0.34,0.22,0.68,0.13,0.39,0.27,0.55,0.19,0.27,0.38,0.17,0.63,0.25,0.68,0.17,0.31,0.16,0.58,0.34,0.58,0.24,0.16,0.39,0.39,0.28,0.42,0.31,0.74,0.27,0.31,0.58,0.27,0.03,0.35,0.97,0.46,0.32,0.47
0.44,0.33,0.51,0.22,0.38,0.59,0.19,0.21,0.39,0.16,0.26,0.22,0.88,0.77,0.82,0.34,0.27,0.17,0.17,0.45,0.71,0.42,0.53,0.24,0.79,0.19,0.33,0.28,0.15,0.35,0.29,0.25,0.32,0.88,0.1,0.36,0.52,0.15,0.18,0.31,0.36,0.41,0.39,0.24,0.7,0.13,0.4,0.29,0.55,0.22,0.3,0.39,0.18,0.65,0.26,0.7,0.19,0.34,0.16,0.58,0.36,0.58,0.24,0.17,0.4,0.41,0.28,0.43,0.31,0.74,0.29,0.33,0.59,0.28,0.03,0.35,0.97,0.5,0.34,0.48
0.45,0.35,0.54,0.25,0.39,0.6,0.2,0.24,0.39,0.16,0.3,0.24,0.88,0.77,0.84,0.36,0.28,0.17,0.18,0.46,0.72,0.44,0.54,0.26,0.81,0.21,0.34,0.3,0.17,0.35,0.29,0.27,0.34,0.9,0.11,0.38,0.53,0.15,0.18,0.34,0.37,0.43,0.43,0.25,0.73,0.13,0.41,0.3,0.6,0.22,0.33,0.4,0.2,0.65,0.3,0.7,0.2,0.39,0.17,0.59,0.38,0.59,0.24,0.19,0.4,0.44,0.28,0.44,0.32,0.74,0.29,0.37,0.59,0.29,0.03,0.35,0.97,0.51,0.35,0.5
0.46,0.35,0.55,0.27,0.41,0.62,0.21,0.25,0.4,0.17,0.32,0.24,0.88,0.77,0.85,0.37,0.28,0.19,0.2,0.47,0.72,0.47,0.56,0.27,0.84,0.22,0.39,0.32,0.18,0.35,0.29,0.28,0.36,0.9,0.14,0.38,0.54,0.16,0.18,0.37,0.37,0.44,0.44,0.26,0.73,0.13,0.43,0.33,0.61,0.22,0.34,0.43,0.21,0.65,0.31,0.73,0.22,0.4,0.17,0.6,0.38,0.6,0.26,0.2,0.42,0.45,0.28,0.44,0.32,0.74,0.29,0.38,0.63,0.3,0.03,0.35,0.97,0.53,0.36,0.53
0.47,0.38,0.58,0.29,0.43,0.64,0.21,0.26,0.42,0.17,0.34,0.25,0.88,0.77,0.85,0.39,0.31,0.2,0.2,0.47,0.74,0.47,0.56,0.27,0.85,0.23,0.4,0.32,0.2,0.35,0.3,0.29,0.39,0.91,0.16,0.4,0.56,0.17,0.19,0.39,0.39,0.46,0.46,0.27,0.74,0.13,0.45,0.33,0.62,0.24,0.35,0.45,0.22,0.67,0.32,0.73,0.23,0.41,0.17,0.61,0.4,0.6,0.28,0.2,0.45,0.48,0.27,0.45,0.32,0.74,0.3,0.38,0.64,0.33,0.03,0.35,0.97,0.55,0.36,0.56
0.47,0.39,0.61,0.31,0.46,0.66,0.24,0.28,0.43,0.17,0.36,0.25,0.88,0.78,0.85,0.39,0.33,0.2,0.21,0.48,0.74,0.48,0.59,0.27,0.85,0.25,0.41,0.34,0.22,0.36,0.32,0.3,0.41,0.91,0.17,0.4,0.59,0.19,0.21,0.4,0.39,0.48,0.47,0.29,0.76,0.13,0.48,0.33,0.66,0.25,0.35,0.46,0.23,0.7,0.34,0.77,0.25,0.45,0.18,0.61,0.42,0.63,0.29,0.22,0.45,0.51,0.27,0.47,0.32,0.74,0.32,0.4,0.65,0.33,0.03,0.35,0.97,0.56,0.37,0.59
0.5,0.4,0.61,0.32,0.47,0.68,0.25,0.29,0.45,0.17,0.37,0.28,0.89,0.79,0.86,0.4,0.34,0.2,0.21,0.49,0.76,0.48,0.59,0.28,0.85,0.25,0.43,0.35,0.22,0.36,0.33,0.34,0.44,0.91,0.19,0.42,0.6,0.19,0.23,0.42,0.42,0.51,0.47,0.3,0.77,0.13,0.48,0.33,0.68,0.26,0.36,0.46,0.24,0.73,0.36,0.79,0.27,0.46,0.19,0.61,0.44,0.63,0.29,0.22,0.47,0.53,0.27,0.48,0.33,0.74,0.32,0.41,0.67,0.33,0.03,0.35,0.97,0.57,0.39,0.62
0.5,0.4,0.62,0.33,0.48,0.68,0.25,0.29,0.47,0.17,0.37,0.29,0.89,0.79,0.86,0.4,0.36,0.21,0.21,0.5,0.77,0.48,0.59,0.28,0.85,0.26,0.43,0.35,0.23,0.36,0.33,0.35,0.44,0.91,0.21,0.43,0.6,0.19,0.25,0.44,0.43,0.51,0.48,0.31,0.78,0.13,0.49,0.35,0.68,0.29,0.36,0.48,0.27,0.76,0.38,0.79,0.27,0.47,0.2,0.63,0.44,0.63,0.31,0.23,0.47,0.54,0.27,0.48,0.37,0.74,0.34,0.41,0.69,0.34,0.03,0.35,0.97,0.57,0.39,0.63
0.52,0.41,0.63,0.35,0.48,0.7,0.25,0.3,0.48,0.17,0.37,0.29,0.9,0.79,0.87,0.43,0.37,0.22,0.21,0.51,0.78,0.48,0.6,0.28,0.86,0.27,0.43,0.35,0.24,0.37,0.33,0.35,0.45,0.91,0.26,0.44,0.62,0.21,0.27,0.46,0.43,0.53,0.5,0.32,0.8,0.14,0.49,0.36,0.68,0.3,0.38,0.48,0.28,0.77,0.38,0.81,0.3,0.48,0.21,0.64,0.46,0.64,0.34,0.24,0.48,0.55,0.26,0.49,0.39,0.74,0.34,0.44,0.69,0.34,0.04,0.35,0.98,0.59,0.41,0.63
0.52,0.43,0.65,0.36,0.5,0.71,0.27,0.32,0.48,0.17,0.38,0.3,0.91,0.81,0.87,0.44,0.37,0.23,0.21,0.53,0.8,0.49,0.62,0.29,0.86,0.27,0.43,0.35,0.26,0.37,0.33,0.38,0.46,0.92,0.26,0.46,0.63,0.22,0.28,0.48,0.43,0.53,0.51,0.37,0.81,0.16,0.5,0.37,0.68,0.32,0.4,0.49,0.29,0.78,0.38,0.81,0.3,0.5,0.21,0.64,0.48,0.64,0.35,0.25,0.48,0.56,0.26,0.49,0.4,0.74,0.35,0.45,0.69,0.36,0.05,0.35,0.98,0.61,0.42,0.66
0.54,0.45,0.66,0.38,0.5,0.73,0.28,0.32,0.49,0.17,0.39,0.32,0.93,0.81,0.88,0.46,0.38,0.24,0.23,0.53,0.81,0.51,0.63,0.3,0.88,0.28,0.45,0.35,0.28,0.38,0.35,0.42,0.46,0.94,0.27,0.47,0.64,0.22,0.28,0.49,0.43,0.54,0.52,0.4,0.83,0.16,0.5,0.38,0.69,0.33,0.42,0.49,0.29,0.81,0.39,0.82,0.3,0.5,0.22,0.64,0.48,0.65,0.36,0.26,0.52,0.57,0.26,0.51,0.43,0.74,0.35,0.45,0.7,0.4,0.05,0.35,0.98,0.63,0.42,0.66
0.58,0.46,0.66,0.4,0.53,0.75,0.3,0.33,0.5,0.17,0.39,0.32,0.93,0.81,0.88,0.49,0.38,0.24,0.24,0.56,0.81,0.51,0.64,0.31,0.88,0.28,0.46,0.35,0.29,0.4,0.37,0.42,0.47,0.94,0.28,0.47,0.64,0.23,0.3,0.49,0.43,0.55,0.52,0.4,0.83,0.18,0.5,0.39,0.71,0.37,0.42,0.5,0.31,0.82,0.41,0.82,0.3,0.52,0.22,0.64,0.48,0.66,0.37,0.27,0.52,0.58,0.25,0.52,0.43,0.74,0.35,0.46,0.71,0.4,0.05,0.35,0.98,0.62,0.43,0.66
0.59,0.46,0.66,0.41,0.55,0.75,0.36,0.34,0.5,0.17,0.41,0.33,0.92,0.82,0.89,0.5,0.39,0.25,0.25,0.56,0.81,0.51,0.64,0.32,0.89,0.28,0.5,0.36,0.31,0.41,0.38,0.42,0.48,0.94,0.29,0.47,0.66,0.25,0.3,0.51,0.45,0.55,0.52,0.43,0.86,0.18,0.53,0.41,0.71,0.37,0.44,0.53,0.32,0.82,0.44,0.83,0.31,0.53,0.22,0.64,0.51,0.68,0.38,0.27,0.53,0.6,0.25,0.53,0.46,0.74,0.35,0.47,0.71,0.4,0.05,0.35,0.99,0.62,0.45,0.67
0.61,0.48,0.67,0.44,0.55,0.76,0.37,0.34,0.52,0.17,0.43,0.34,0.92,0.82,0.9,0.52,0.4,0.26,0.26,0.59,0.82,0.52,0.65,0.33,0.9,0.3,0.51,0.37,0.32,0.44,0.38,0.43,0.49,0.94,0.31,0.48,0.66,0.25,0.31,0.51,0.46,0.58,0.53,0.46,0.86,0.19,0.53,0.41,0.73,0.39,0.45,0.55,0.33,0.82,0.47,0.84,0.33,0.54,0.22,0.67,0.51,0.68,0.39,0.28,0.54,0.61,0.25,0.54,0.47,0.74,0.38,0.5,0.72,0.4,0.05,0.35,0.99,0.65,0.45,0.68
0.62,0.48,0.67,0.46,0.55,0.77,0.39,0.36,0.52,0.18,0.44,0.35,0.92,0.83,0.9,0.52,0.41,0.3,0.27,0.59,0.83,0.52,0.67,0.34,0.9,0.31,0.51,0.37,0.35,0.44,0.38,0.43,0.5,0.94,0.34,0.5,0.69,0.25,0.32,0.54,0.47,0.58,0.53,0.47,0.87,0.21,0.53,0.41,0.75,0.42,0.48,0.55,0.36,0.83,0.47,0.86,0.33,0.55,0.24,0.68,0.51,0.69,0.41,0.28,0.55,0.62,0.24,0.54,0.48,0.74,0.4,0.53,0.72,0.42,0.05,0.35,0.99,0.65,0.48,0.69
0.63,0.49,0.68,0.48,0.56,0.79,0.41,0.37,0.52,0.18,0.45,0.35,0.93,0.84,0.9,0.55,0.43,0.32,0.3,0.59,0.84,0.53,0.69,0.35,0.9,0.33,0.54,0.38,0.37,0.45,0.41,0.46,0.52,0.95,0.37,0.5,0.7,0.25,0.34,0.54,0.48,0.61,0.54,0.48,0.87,0.21,0.53,0.42,0.76,0.43,0.48,0.57,0.38,0.83,0.48,0.89,0.35,0.56,0.24,0.7,0.53,0.69,0.41,0.29,0.57,0.63,0.24,0.55,0.49,0.74,0.41,0.54,0.72,0.42,0.05,0.35,0.99,0.65,0.5,0.71
0.63,0.49,0.71,0.48,0.57,0.79,0.41,0.38,0.52,0.18,0.46,0.35,0.93,0.84,0.91,0.55,0.45,0.34,0.3,0.59,0.86,0.53,0.7,0.35,0.92,0.33,0.55,0.39,0.37,0.46,0.42,0.49,0.55,0.95,0.38,0.52,0.7,0.25,0.35,0.56,0.51,0.62,0.54,0.5,0.87,0.22,0.53,0.43,0.76,0.45,0.49,0.59,0.4,0.84,0.52,0.9,0.38,0.57,0.24,0.7,0.56,0.7,0.45,0.29,0.57,0.64,0.24,0.56,0.51,0.74,0.41,0.54,0.72,0.42,0.06,0.35,0.99,0.67,0.5,0.71
0.64,0.49,0.72,0.5,0.58,0.81,0.42,0.39,0.52,0.2,0.49,0.36,0.94,0.85,0.92,0.56,0.45,0.34,0.33,0.59,0.87,0.53,0.7,0.38,0.92,0.36,0.57,0.41,0.38,0.47,0.42,0.49,0.55,0.96,0.4,0.52,0.7,0.25,0.35,0.6,0.53,0.62,0.55,0.51,0.87,0.23,0.54,0.44,0.76,0.45,0.49,0.59,0.41,0.84,0.54,0.9,0.38,0.59,0.24,0.7,0.56,0.7,0.46,0.29,0.57,0.64,0.24,0.57,0.53,0.74,0.42,0.55,0.73,0.42,0.07,0.35,0.99,0.68,0.51,0.71
0.66,0.5,0.74,0.5,0.59,0.82,0.42,0.4,0.53,0.21,0.49,0.36,0.94,0.87,0.93,0.57,0.46,0.36,0.33,0.61,0.88,0.54,0.71,0.4,0.92,0.37,0.57,0.41,0.39,0.47,0.47,0.5,0.56,0.96,0.4,0.52,0.72,0.26,0.36,0.6,0.54,0.65,0.57,0.54,0.87,0.24,0.56,0.48,0.76,0.48,0.5,0.6,0.43,0.84,0.54,0.9,0.41,0.59,0.24,0.72,0.56,0.7,0.47,0.29,0.57,0.64,0.24,0.58,0.55,0.74,0.42,0.56,0.75,0.43,0.07,0.35,0.99,0.68,0.52,0.73
0.67,0.51,0.76,0.5,0.59,0.83,0.44,0.42,0.53,0.21,0.49,0.36,0.93,0.87,0.93,0.57,0.48,0.39,0.34,0.62,0.88,0.55,0.74,0.4,0.93,0.37,0.58,0.41,0.39,0.48,0.48,0.5,0.58,0.96,0.45,0.54,0.73,0.26,0.39,0.6,0.56,0.65,0.58,0.55,0.88,0.24,0.58,0.49,0.76,0.49,0.52,0.61,0.45,0.84,0.57,0.91,0.42,0.59,0.25,0.78,0.57,0.7,0.5,0.3,0.58,0.66,0.24,0.59,0.58,0.74,0.43,0.57,0.75,0.44,0.07,0.35,0.99,0.71,0.53,0.73
0.67,0.55,0.77,0.5,0.59,0.83,0.45,0.43,0.53,0.21,0.52,0.37,0.93,0.88,0.93,0.57,0.49,0.4,0.34,0.62,0.88,0.55,0.75,0.43,0.93,0.37,0.58,0.41,0.41,0.48,0.49,0.5,0.6,0.97,0.45,0.55,0.75,0.27,0.39,0.61,0.57,0.66,0.58,0.55,0.88,0.25,0.6,0.51,0.79,0.51,0.53,0.62,0.46,0.84,0.6,0.91,0.44,0.59,0.26,0.79,0.59,0.71,0.51,0.3,0.59,0.66,0.23,0.6,0.58,0.73,0.44,0.6,0.76,0.45,0.07,0.35,0.99,0.72,0.53,0.73
0.68,0.55,0.77,0.51,0.6,0.83,0.46,0.43,0.53,0.21,0.52,0.38,0.93,0.88,0.93,0.58,0.49,0.41,0.34,0.64,0.88,0.55,0.75,0.45,0.93,0.37,0.58,0.41,0.43,0.51,0.5,0.53,0.6,0.98,0.45,0.57,0.75,0.27,0.39,0.62,0.59,0.67,0.58,0.56,0.88,0.27,0.6,0.52,0.8,0.51,0.54,0.63,0.46,0.84,0.61,0.91,0.45,0.6,0.27,0.81,0.6,0.73,0.53,0.3,0.6,0.66,0.23,0.61,0.58,0.73,0.45,0.6,0.76,0.48,0.07,0.35,0.99,0.72,0.54,0.74
0.7,0.57,0.8,0.52,0.62,0.84,0.46,0.44,0.53,0.22,0.53,0.4,0.93,0.88,0.93,0.59,0.5,0.42,0.35,0.66,0.88,0.57,0.75,0.46,0.93,0.37,0.59,0.41,0.44,0.52,0.5,0.56,0.62,0.98,0.48,0.57,0.77,0.27,0.4,0.64,0.59,0.7,0.59,0.59,0.88,0.29,0.65,0.54,0.81,0.51,0.54,0.64,0.46,0.85,0.61,0.91,0.45,0.6,0.28,0.81,0.61,0.73,0.54,0.32,0.6,0.67,0.23,0.61,0.58,0.73,0.47,0.62,0.78,0.48,0.07,0.35,0.99,0.73,0.54,0.75
0.71,0.6,0.8,0.53,0.63,0.85,0.46,0.44,0.53,0.22,0.54,0.42,0.93,0.88,0.93,0.6,0.5,0.42,0.35,0.66,0.89,0.59,0.75,0.47,0.93,0.39,0.59,0.41,0.45,0.53,0.53,0.56,0.63,0.99,0.51,0.58,0.79,0.27,0.41,0.64,0.6,0.7,0.6,0.59,0.88,0.3,0.65,0.54,0.81,0.54,0.54,0.65,0.48,0.86,0.64,0.91,0.46,0.61,0.28,0.81,0.65,0.73,0.54,0.33,0.6,0.7,0.23,0.61,0.61,0.73,0.49,0.63,0.79,0.49,0.07,0.35,0.99,0.72,0.56,0.76
0.72,0.62,0.81,0.53,0.64,0.85,0.46,0.45,0.53,0.23,0.56,0.43,0.93,0.88,0.93,0.6,0.5,0.44,0.36,0.67,0.9,0.59,0.76,0.47,0.93,0.46,0.61,0.41,0.47,0.53,0.55,0.58,0.64,0.99,0.53,0.58,0.79,0.28,0.43,0.64,0.63,0.73,0.6,0.6,0.88,0.32,0.66,0.55,0.81,0.54,0.54,0.66,0.48,0.86,0.64,0.91,0.46,0.65,0.29,0.81,0.66,0.73,0.56,0.35,0.61,0.72,0.23,0.61,0.62,0.73,0.5,0.64,0.8,0.5,0.07,0.35,0.99,0.72,0.57,0.76
0.73,0.62,0.82,0.53,0.65,0.85,0.47,0.46,0.53,0.25,0.56,0.45,0.93,0.88,0.93,0.61,0.5,0.45,0.37,0.67,0.91,0.59,0.76,0.48,0.93,0.46,0.62,0.42,0.5,0.54,0.57,0.59,0.64,0.99,0.53,0.59,0.79,0.29,0.46,0.65,0.63,0.74,0.6,0.61,0.89,0.32,0.67,0.56,0.82,0.57,0.54,0.67,0.49,0.86,0.65,0.91,0.46,0.67,0.31,0.84,0.66,0.74,0.57,0.35,0.61,0.72,0.23,0.61,0.64,0.73,0.51,0.64,0.81,0.51,0.09,0.35,1,0.73,0.58,0.76
0.73,0.62,0.82,0.53,0.65,0.85,0.49,0.48,0.53,0.27,0.58,0.45,0.93,0.89,0.93,0.65,0.5,0.46,0.37,0.68,0.91,0.61,0.77,0.48,0.93,0.46,0.62,0.42,0.52,0.56,0.58,0.6,0.65,0.99,0.56,0.61,0.79,0.3,0.47,0.67,0.65,0.76,0.6,0.62,0.89,0.34,0.67,0.56,0.82,0.59,0.55,0.67,0.5,0.88,0.65,0.91,0.48,0.67,0.34,0.84,0.67,0.74,0.57,0.36,0.61,0.72,0.23,0.61,0.66,0.73,0.51,0.64,0.81,0.53,0.1,0.35,1,0.74,0.59,0.77
0.73,0.63,0.82,0.55,0.65,0.85,0.49,0.49,0.54,0.27,0.58,0.45,0.93,0.91,0.93,0.65,0.51,0.46,0.38,0.71,0.91,0.61,0.77,0.51,0.94,0.46,0.62,0.42,0.54,0.57,0.59,0.64,0.66,0.99,0.56,0.61,0.79,0.3,0.47,0.68,0.65,0.78,0.6,0.63,0.89,0.36,0.67,0.57,0.82,0.6,0.58,0.7,0.51,0.88,0.66,0.91,0.48,0.67,0.35,0.84,0.67,0.76,0.57,0.38,0.61,0.72,0.23,0.61,0.67,0.73,0.51,0.64,0.84,0.56,0.11,0.35,1,0.75,0.61,0.77
0.75,0.64,0.82,0.56,0.67,0.87,0.51,0.51,0.55,0.27,0.6,0.47,0.93,0.91,0.93,0.68,0.52,0.47,0.39,0.73,0.92,0.62,0.77,0.52,0.94,0.46,0.63,0.44,0.57,0.57,0.6,0.64,0.66,0.99,0.58,0.61,0.81,0.3,0.47,0.69,0.66,0.78,0.62,0.63,0.89,0.37,0.68,0.59,0.84,0.61,0.59,0.71,0.53,0.89,0.68,0.91,0.49,0.68,0.36,0.84,0.68,0.76,0.57,0.38,0.62,0.73,0.23,0.61,0.68,0.73,0.51,0.66,0.85,0.57,0.15,0.35,1,0.76,0.62,0.79
0.75,0.66,0.82,0.58,0.69,0.88,0.51,0.55,0.55,0.27,0.63,0.47,0.93,0.91,0.93,0.68,0.53,0.47,0.41,0.74,0.93,0.62,0.78,0.52,0.94,0.48,0.65,0.44,0.59,0.57,0.61,0.65,0.67,0.99,0.6,0.62,0.83,0.3,0.48,0.69,0.67,0.78,0.63,0.63,0.89,0.4,0.69,0.6,0.85,0.61,0.61,0.71,0.55,0.9,0.69,0.91,0.49,0.68,0.36,0.84,0.68,0.77,0.58,0.38,0.62,0.75,0.23,0.61,0.68,0.73,0.53,0.66,0.86,0.57,0.18,0.35,1,0.77,0.63,0.79
0.76,0.67,0.83,0.59,0.7,0.88,0.51,0.56,0.58,0.27,0.63,0.48,0.94,0.92,0.93,0.68,0.53,0.48,0.41,0.75,0.93,0.61,0.78,0.52,0.94,0.48,0.66,0.45,0.61,0.57,0.63,0.67,0.69,0.99,0.63,0.63,0.85,0.3,0.48,0.69,0.68,0.79,0.64,0.65,0.89,0.43,0.71,0.62,0.86,0.62,0.64,0.72,0.57,0.92,0.69,0.91,0.49,0.72,0.38,0.86,0.68,0.78,0.61,0.38,0.62,0.75,0.23,0.61,0.69,0.73,0.55,0.66,0.86,0.59,0.18,0.35,1,0.77,0.69,0.8
0.79,0.69,0.83,0.61,0.72,0.88,0.52,0.57,0.58,0.27,0.64,0.51,0.94,0.93,0.93,0.68,0.53,0.48,0.43,0.76,0.93,0.61,0.78,0.53,0.94,0.5,0.66,0.45,0.62,0.57,0.64,0.68,0.72,0.99,0.63,0.65,0.86,0.3,0.49,0.7,0.7,0.81,0.65,0.65,0.89,0.43,0.71,0.63,0.87,0.62,0.65,0.72,0.59,0.92,0.7,0.92,0.51,0.73,0.38,0.86,0.69,0.78,0.62,0.4,0.62,0.75,0.23,0.62,0.69,0.73,0.56,0.68,0.86,0.6,0.2,0.35,1,0.79,0.71,0.81
0.8,0.69,0.83,0.62,0.75,0.89,0.54,0.57,0.58,0.28,0.65,0.5,0.94,0.94,0.93,0.68,0.53,0.49,0.46,0.77,0.93,0.6,0.79,0.53,0.95,0.56,0.66,0.45,0.64,0.59,0.65,0.68,0.73,0.99,0.64,0.65,0.87,0.3,0.49,0.72,0.71,0.82,0.66,0.66,0.9,0.43,0.73,0.64,0.87,0.63,0.67,0.72,0.59,0.92,0.72,0.92,0.52,0.73,0.4,0.87,0.7,0.79,0.63,0.42,0.62,0.75,0.22,0.63,0.69,0.72,0.56,0.69,0.87,0.61,0.22,0.35,1,0.78,0.71,0.82
0.81,0.71,0.84,0.62,0.76,0.9,0.58,0.57,0.58,0.29,0.66,0.52,0.94,0.94,0.93,0.68,0.53,0.5,0.46,0.77,0.93,0.6,0.8,0.54,0.95,0.57,0.67,0.47,0.64,0.6,0.67,0.68,0.73,0.99,0.65,0.66,0.87,0.3,0.49,0.73,0.71,0.83,0.67,0.67,0.91,0.46,0.75,0.65,0.87,0.63,0.7,0.75,0.62,0.92,0.72,0.94,0.55,0.74,0.41,0.87,0.71,0.79,0.65,0.43,0.63,0.78,0.22,0.64,0.7,0.73,0.57,0.69,0.87,0.61,0.24,0.35,1,0.77,0.71,0.82
0.83,0.72,0.85,0.63,0.76,0.9,0.59,0.57,0.59,0.29,0.67,0.54,0.94,0.94,0.93,0.7,0.54,0.5,0.47,0.77,0.93,0.58,0.8,0.53,0.95,0.58,0.68,0.49,0.64,0.6,0.7,0.69,0.74,0.99,0.66,0.68,0.87,0.3,0.49,0.75,0.72,0.83,0.69,0.7,0.92,0.51,0.78,0.66,0.88,0.64,0.7,0.75,0.65,0.92,0.72,0.94,0.56,0.76,0.42,0.88,0.72,0.8,0.65,0.44,0.64,0.81,0.22,0.64,0.7,0.73,0.57,0.7,0.87,0.62,0.24,0.35,1,0.77,0.72,0.82
0.83,0.73,0.85,0.64,0.79,0.9,0.62,0.6,0.6,0.29,0.68,0.54,0.94,0.94,0.93,0.72,0.56,0.52,0.48,0.77,0.93,0.59,0.8,0.55,0.95,0.58,0.68,0.49,0.64,0.63,0.71,0.7,0.74,0.99,0.68,0.69,0.88,0.3,0.49,0.75,0.72,0.84,0.7,0.72,0.92,0.52,0.79,0.66,0.88,0.66,0.7,0.75,0.66,0.92,0.73,0.95,0.57,0.78,0.44,0.88,0.73,0.8,0.65,0.44,0.65,0.84,0.21,0.65,0.71,0.73,0.58,0.72,0.87,0.64,0.26,0.35,1,0.77,0.72,0.84
0.83,0.74,0.85,0.65,0.79,0.9,0.62,0.61,0.6,0.3,0.69,0.57,0.94,0.94,0.93,0.72,0.56,0.52,0.5,0.77,0.93,0.59,0.8,0.55,0.95,0.58,0.68,0.5,0.64,0.65,0.74,0.72,0.75,0.99,0.68,0.69,0.88,0.3,0.5,0.78,0.72,0.85,0.7,0.75,0.92,0.53,0.79,0.68,0.88,0.67,0.72,0.78,0.68,0.92,0.74,0.95,0.59,0.78,0.44,0.88,0.77,0.8,0.65,0.44,0.65,0.84,0.21,0.65,0.72,0.73,0.59,0.73,0.87,0.65,0.28,0.35,1,0.77,0.72,0.84
0.83,0.75,0.85,0.66,0.81,0.91,0.62,0.61,0.63,0.31,0.69,0.58,0.94,0.94,0.93,0.73,0.58,0.54,0.52,0.78,0.94,0.61,0.8,0.56,0.95,0.61,0.68,0.52,0.65,0.67,0.74,0.72,0.75,0.99,0.68,0.7,0.89,0.31,0.5,0.78,0.72,0.85,0.71,0.77,0.92,0.53,0.79,0.69,0.88,0.69,0.72,0.79,0.68,0.92,0.75,0.95,0.59,0.78,0.46,0.88,0.78,0.81,0.65,0.44,0.65,0.85,0.21,0.66,0.73,0.73,0.59,0.73,0.87,0.65,0.28,0.35,1,0.77,0.76,0.85
0.84,0.75,0.85,0.66,0.81,0.91,0.62,0.61,0.63,0.32,0.69,0.58,0.94,0.94,0.93,0.74,0.58,0.55,0.52,0.79,0.94,0.6,0.81,0.56,0.95,0.61,0.69,0.54,0.66,0.68,0.77,0.72,0.77,0.99,0.68,0.72,0.9,0.31,0.5,0.78,0.73,0.85,0.72,0.78,0.92,0.53,0.8,0.7,0.88,0.71,0.72,0.79,0.7,0.92,0.77,0.95,0.6,0.79,0.47,0.9,0.8,0.81,0.66,0.47,0.65,0.85,0.21,0.66,0.73,0.73,0.59,0.75,0.87,0.66,0.31,0.35,1,0.76,0.78,0.85
0.85,0.75,0.86,0.66,0.83,0.91,0.64,0.63,0.64,0.32,0.7,0.6,0.94,0.94,0.94,0.74,0.61,0.56,0.54,0.81,0.94,0.61,0.8,0.57,0.95,0.63,0.72,0.54,0.67,0.69,0.77,0.72,0.79,0.99,0.7,0.75,0.9,0.31,0.51,0.78,0.73,0.85,0.72,0.78,0.93,0.54,0.8,0.72,0.88,0.71,0.72,0.79,0.7,0.93,0.78,0.95,0.61,0.79,0.49,0.91,0.82,0.81,0.66,0.47,0.65,0.85,0.2,0.69,0.76,0.72,0.6,0.75,0.87,0.66,0.32,0.35,1,0.73,0.8,0.85
0.85,0.76,0.86,0.67,0.84,0.91,0.65,0.63,0.64,0.32,0.7,0.6,0.94,0.94,0.94,0.75,0.64,0.56,0.56,0.81,0.94,0.61,0.8,0.58,0.96,0.65,0.74,0.54,0.7,0.69,0.77,0.72,0.79,0.99,0.71,0.77,0.9,0.31,0.51,0.78,0.74,0.86,0.73,0.78,0.93,0.55,0.81,0.72,0.88,0.73,0.72,0.8,0.72,0.94,0.8,0.95,0.62,0.79,0.5,0.92,0.84,0.81,0.66,0.47,0.65,0.85,0.2,0.7,0.76,0.72,0.61,0.75,0.88,0.68,0.36,0.35,1,0.73,0.8,0.85
0.85,0.76,0.86,0.69,0.84,0.91,0.66,0.63,0.64,0.32,0.71,0.6,0.94,0.95,0.94,0.77,0.64,0.57,0.57,0.81,0.95,0.61,0.82,0.59,0.96,0.66,0.74,0.54,0.7,0.69,0.78,0.73,0.79,0.99,0.72,0.79,0.9,0.31,0.51,0.81,0.74,0.87,0.74,0.79,0.93,0.57,0.82,0.72,0.89,0.73,0.73,0.81,0.72,0.94,0.83,0.95,0.66,0.79,0.5,0.92,0.85,0.82,0.7,0.47,0.65,0.85,0.2,0.71,0.77,0.72,0.62,0.75,0.88,0.69,0.38,0.35,1,0.71,0.8,0.86
0.86,0.76,0.86,0.69,0.84,0.91,0.67,0.63,0.65,0.32,0.72,0.6,0.94,0.95,0.94,0.78,0.64,0.58,0.59,0.81,0.95,0.6,0.82,0.59,0.96,0.67,0.74,0.57,0.71,0.71,0.78,0.73,0.79,0.99,0.72,0.79,0.9,0.32,0.52,0.82,0.74,0.88,0.74,0.79,0.93,0.59,0.82,0.72,0.91,0.74,0.73,0.81,0.73,0.95,0.83,0.96,0.67,0.81,0.51,0.92,0.85,0.82,0.7,0.47,0.65,0.85,0.19,0.71,0.77,0.72,0.64,0.76,0.88,0.7,0.41,0.35,1,0.71,0.81,0.86
0.87,0.77,0.86,0.7,0.85,0.91,0.68,0.63,0.65,0.32,0.73,0.61,0.94,0.95,0.94,0.8,0.64,0.6,0.59,0.81,0.96,0.6,0.83,0.59,0.96,0.7,0.74,0.59,0.71,0.71,0.78,0.74,0.79,0.99,0.73,0.8,0.91,0.32,0.52,0.82,0.76,0.88,0.76,0.8,0.93,0.6,0.84,0.72,0.91,0.74,0.74,0.82,0.73,0.95,0.83,0.97,0.67,0.81,0.51,0.92,0.85,0.82,0.7,0.47,0.66,0.85,0.19,0.72,0.78,0.72,0.64,0.76,0.88,0.71,0.49,0.35,1,0.71,0.81,0.87
0.87,0.78,0.86,0.7,0.85,0.91,0.7,0.63,0.65,0.32,0.73,0.64,0.95,0.96,0.94,0.82,0.64,0.6,0.63,0.81,0.96,0.6,0.83,0.59,0.96,0.73,0.77,0.61,0.72,0.72,0.78,0.75,0.79,0.99,0.74,0.82,0.91,0.32,0.52,0.82,0.76,0.88,0.76,0.8,0.93,0.61,0.85,0.72,0.91,0.75,0.74,0.82,0.74,0.96,0.84,0.97,0.69,0.82,0.53,0.92,0.85,0.83,0.7,0.47,0.66,0.86,0.19,0.72,0.78,0.72,0.65,0.76,0.88,0.73,0.52,0.36,1,0.71,0.81,0.87
0.88,0.78,0.86,0.71,0.86,0.91,0.71,0.63,0.67,0.34,0.74,0.66,0.95,0.96,0.94,0.82,0.64,0.61,0.64,0.82,0.96,0.6,0.83,0.58,0.96,0.75,0.78,0.61,0.73,0.72,0.79,0.75,0.8,0.99,0.77,0.82,0.91,0.35,0.52,0.82,0.76,0.89,0.76,0.8,0.93,0.61,0.85,0.72,0.91,0.75,0.75,0.82,0.76,0.96,0.84,0.97,0.7,0.82,0.54,0.92,0.85,0.83,0.7,0.52,0.67,0.86,0.19,0.73,0.79,0.72,0.66,0.76,0.89,0.74,0.59,0.36,1,0.71,0.82,0.88
0.89,0.79,0.88,0.73,0.86,0.91,0.71,0.64,0.68,0.34,0.74,0.66,0.95,0.96,0.94,0.82,0.64,0.61,0.64,0.83,0.96,0.59,0.86,0.58,0.96,0.74,0.8,0.62,0.75,0.73,0.81,0.76,0.81,0.99,0.78,0.83,0.91,0.35,0.53,0.82,0.76,0.89,0.76,0.81,0.93,0.63,0.86,0.73,0.92,0.75,0.75,0.82,0.78,0.96,0.84,0.97,0.7,0.82,0.59,0.92,0.86,0.84,0.71,0.53,0.67,0.86,0.19,0.73,0.8,0.72,0.68,0.76,0.89,0.74,0.61,0.36,1,0.72,0.84,0.88
0.89,0.79,0.89,0.75,0.87,0.92,0.71,0.64,0.68,0.34,0.74,0.69,0.96,0.96,0.94,0.83,0.64,0.61,0.66,0.84,0.96,0.6,0.86,0.59,0.96,0.74,0.82,0.62,0.75,0.75,0.81,0.78,0.81,0.99,0.78,0.83,0.92,0.36,0.53,0.82,0.76,0.89,0.76,0.82,0.93,0.65,0.87,0.75,0.92,0.77,0.78,0.83,0.8,0.96,0.84,0.97,0.71,0.84,0.59,0.93,0.87,0.84,0.73,0.55,0.68,0.88,0.19,0.73,0.81,0.72,0.69,0.76,0.89,0.75,0.63,0.36,1,0.71,0.85,0.88
0.89,0.8,0.89,0.75,0.87,0.92,0.71,0.64,0.68,0.34,0.74,0.68,0.96,0.96,0.94,0.84,0.64,0.62,0.67,0.84,0.96,0.6,0.86,0.59,0.96,0.76,0.83,0.63,0.77,0.75,0.82,0.79,0.82,0.99,0.78,0.83,0.92,0.36,0.53,0.83,0.76,0.89,0.77,0.82,0.93,0.68,0.87,0.76,0.93,0.78,0.78,0.83,0.8,0.96,0.84,0.97,0.73,0.84,0.59,0.93,0.87,0.84,0.73,0.55,0.68,0.88,0.19,0.73,0.81,0.72,0.71,0.77,0.89,0.75,0.64,0.36,1,0.72,0.85,0.88
0.89,0.8,0.89,0.75,0.87,0.92,0.71,0.65,0.68,0.34,0.75,0.69,0.96,0.96,0.94,0.84,0.68,0.62,0.68,0.84,0.96,0.61,0.86,0.59,0.96,0.76,0.83,0.64,0.77,0.77,0.82,0.79,0.82,0.99,0.78,0.83,0.92,0.36,0.53,0.83,0.77,0.89,0.77,0.82,0.93,0.7,0.88,0.77,0.95,0.78,0.78,0.84,0.8,0.96,0.85,0.98,0.74,0.86,0.64,0.93,0.87,0.87,0.73,0.57,0.69,0.88,0.19,0.74,0.81,0.72,0.72,0.77,0.89,0.75,0.65,0.36,1,0.7,0.85,0.88
0.89,0.8,0.9,0.75,0.87,0.93,0.72,0.65,0.69,0.34,0.75,0.7,0.97,0.96,0.94,0.86,0.69,0.64,0.68,0.85,0.96,0.61,0.86,0.6,0.98,0.76,0.84,0.67,0.77,0.78,0.82,0.79,0.82,0.99,0.8,0.85,0.92,0.36,0.53,0.83,0.78,0.89,0.77,0.82,0.93,0.7,0.88,0.78,0.95,0.78,0.78,0.85,0.8,0.97,0.85,0.98,0.74,0.87,0.64,0.94,0.87,0.87,0.75,0.57,0.69,0.89,0.18,0.74,0.81,0.72,0.73,0.77,0.89,0.77,0.68,0.36,1,0.68,0.85,0.88
0.89,0.81,0.9,0.75,0.88,0.93,0.73,0.65,0.7,0.34,0.75,0.71,0.97,0.96,0.94,0.87,0.7,0.66,0.69,0.85,0.96,0.62,0.86,0.61,0.98,0.78,0.84,0.68,0.78,0.78,0.83,0.79,0.82,0.99,0.83,0.88,0.92,0.38,0.53,0.85,0.79,0.89,0.77,0.82,0.93,0.72,0.89,0.79,0.95,0.79,0.79,0.86,0.8,0.97,0.85,0.98,0.74,0.87,0.64,0.94,0.87,0.87,0.75,0.58,0.7,0.89,0.18,0.75,0.81,0.72,0.74,0.77,0.89,0.77,0.69,0.36,1,0.68,0.86,0.9
0.89,0.81,0.9,0.75,0.89,0.93,0.74,0.66,0.7,0.34,0.75,0.72,0.97,0.96,0.94,0.87,0.69,0.68,0.69,0.86,0.96,0.65,0.86,0.61,0.98,0.81,0.87,0.71,0.78,0.81,0.83,0.79,0.83,0.99,0.84,0.88,0.92,0.38,0.53,0.85,0.8,0.9,0.77,0.82,0.94,0.73,0.89,0.79,0.96,0.81,0.79,0.86,0.81,0.97,0.87,0.98,0.75,0.88,0.65,0.94,0.87,0.87,0.79,0.6,0.71,0.9,0.18,0.75,0.83,0.72,0.75,0.78,0.89,0.77,0.7,0.36,1,0.67,0.86,0.9
0.92,0.81,0.9,0.76,0.89,0.93,0.74,0.68,0.7,0.34,0.77,0.72,0.97,0.96,0.94,0.87,0.71,0.69,0.71,0.87,0.96,0.65,0.87,0.61,0.98,0.81,0.87,0.73,0.78,0.81,0.84,0.81,0.84,0.99,0.84,0.88,0.93,0.38,0.53,0.85,0.81,0.9,0.79,0.84,0.94,0.73,0.89,0.79,0.96,0.82,0.79,0.86,0.81,0.97,0.87,0.98,0.75,0.88,0.65,0.94,0.88,0.87,0.8,0.6,0.72,0.9,0.18,0.75,0.84,0.73,0.75,0.79,0.89,0.78,0.7,0.36,1,0.65,0.87,0.9
0.92,0.81,0.91,0.78,0.9,0.93,0.75,0.68,0.71,0.34,0.77,0.73,0.97,0.96,0.94,0.87,0.72,0.7,0.72,0.87,0.96,0.65,0.89,0.62,0.98,0.81,0.87,0.74,0.79,0.82,0.84,0.81,0.85,0.99,0.84,0.89,0.93,0.38,0.53,0.86,0.82,0.92,0.8,0.85,0.94,0.73,0.89,0.79,0.96,0.82,0.8,0.86,0.81,0.97,0.87,0.98,0.75,0.88,0.65,0.95,0.88,0.87,0.81,0.61,0.74,0.9,0.18,0.76,0.85,0.73,0.76,0.79,0.89,0.79,0.73,0.36,1,0.65,0.87,0.9
0.95,0.81,0.91,0.79,0.91,0.93,0.76,0.68,0.71,0.34,0.79,0.74,0.97,0.96,0.94,0.87,0.72,0.7,0.73,0.87,0.96,0.64,0.89,0.62,0.98,0.82,0.87,0.74,0.82,0.82,0.85,0.81,0.86,0.99,0.85,0.89,0.93,0.4,0.53,0.86,0.82,0.92,0.81,0.85,0.94,0.73,0.89,0.79,0.96,0.82,0.8,0.87,0.81,0.97,0.88,0.98,0.75,0.88,0.65,0.95,0.88,0.87,0.81,0.61,0.75,0.93,0.18,0.76,0.85,0.73,0.79,0.81,0.89,0.8,0.75,0.36,1,0.65,0.87,0.91
0.95,0.81,0.91,0.8,0.91,0.93,0.77,0.69,0.71,0.34,0.8,0.75,0.98,0.96,0.94,0.87,0.74,0.7,0.74,0.87,0.96,0.66,0.9,0.62,0.98,0.84,0.87,0.75,0.82,0.82,0.85,0.82,0.87,0.99,0.85,0.89,0.93,0.4,0.55,0.88,0.82,0.92,0.81,0.86,0.94,0.74,0.89,0.79,0.97,0.82,0.81,0.87,0.82,0.97,0.88,0.98,0.75,0.88,0.65,0.95,0.88,0.87,0.81,0.61,0.76,0.93,0.18,0.76,0.85,0.73,0.8,0.82,0.89,0.82,0.78,0.36,1,0.65,0.87,0.91
0.95,0.83,0.91,0.81,0.91,0.93,0.77,0.69,0.71,0.35,0.81,0.75,0.98,0.96,0.94,0.87,0.74,0.73,0.75,0.87,0.96,0.67,0.9,0.64,0.98,0.85,0.88,0.75,0.84,0.83,0.85,0.82,0.87,0.99,0.85,0.89,0.94,0.4,0.55,0.9,0.82,0.92,0.83,0.86,0.94,0.74,0.89,0.79,0.98,0.83,0.81,0.87,0.82,0.97,0.88,0.98,0.75,0.88,0.66,0.96,0.88,0.87,0.81,0.63,0.77,0.93,0.18,0.77,0.85,0.73,0.8,0.82,0.89,0.82,0.79,0.36,1,0.65,0.88,0.91
0.95,0.84,0.92,0.82,0.91,0.93,0.78,0.7,0.72,0.35,0.84,0.76,0.98,0.96,0.94,0.88,0.74,0.73,0.76,0.87,0.96,0.67,0.9,0.66,0.98,0.85,0.88,0.77,0.84,0.83,0.86,0.82,0.88,0.99,0.87,0.91,0.94,0.4,0.55,0.9,0.82,0.92,0.83,0.86,0.94,0.74,0.9,0.79,0.98,0.83,0.81,0.87,0.83,0.97,0.88,0.98,0.76,0.9,0.66,0.96,0.88,0.88,0.83,0.64,0.8,0.93,0.19,0.78,0.85,0.73,0.81,0.82,0.89,0.83,0.83,0.36,1,0.65,0.88,0.92
0.95,0.84,0.92,0.82,0.91,0.93,0.78,0.71,0.72,0.35,0.84,0.76,0.99,0.97,0.94,0.88,0.76,0.74,0.8,0.87,0.96,0.67,0.9,0.67,0.98,0.85,0.88,0.79,0.87,0.83,0.87,0.82,0.89,0.99,0.87,0.92,0.95,0.4,0.55,0.9,0.83,0.92,0.85,0.86,0.94,0.76,0.9,0.79,0.98,0.83,0.82,0.87,0.83,0.97,0.89,0.98,0.77,0.9,0.69,0.96,0.89,0.88,0.83,0.64,0.8,0.93,0.19,0.79,0.85,0.73,0.81,0.82,0.89,0.83,0.84,0.36,1,0.65,0.88,0.92
0.95,0.84,0.92,0.82,0.92,0.93,0.79,0.71,0.73,0.35,0.86,0.77,0.99,0.98,0.94,0.88,0.75,0.74,0.81,0.87,0.97,0.66,0.9,0.68,0.98,0.85,0.89,0.8,0.87,0.83,0.87,0.82,0.89,0.99,0.87,0.92,0.95,0.39,0.56,0.9,0.83,0.92,0.85,0.88,0.95,0.77,0.9,0.79,0.98,0.83,0.82,0.87,0.83,0.97,0.89,0.98,0.79,0.9,0.7,0.96,0.9,0.88,0.83,0.64,0.81,0.94,0.19,0.8,0.86,0.73,0.82,0.82,0.9,0.83,0.87,0.36,1,0.67,0.88,0.93
0.95,0.84,0.92,0.83,0.93,0.93,0.79,0.72,0.73,0.35,0.86,0.8,0.99,0.98,0.94,0.88,0.76,0.74,0.8,0.87,0.97,0.66,0.9,0.69,0.98,0.87,0.9,0.8,0.87,0.84,0.88,0.82,0.89,0.99,0.88,0.92,0.96,0.38,0.57,0.9,0.83,0.93,0.85,0.88,0.95,0.79,0.91,0.79,0.98,0.83,0.82,0.87,0.83,0.97,0.89,0.98,0.79,0.9,0.7,0.96,0.91,0.88,0.83,0.64,0.82,0.94,0.19,0.81,0.86,0.73,0.82,0.84,0.9,0.84,0.9,0.36,1,0.66,0.88,0.93
0.95,0.84,0.92,0.84,0.93,0.93,0.79,0.73,0.73,0.36,0.87,0.81,0.99,0.98,0.94,0.89,0.76,0.74,0.8,0.87,0.97,0.66,0.88,0.69,0.98,0.88,0.9,0.8,0.88,0.86,0.88,0.82,0.89,0.99,0.88,0.92,0.96,0.39,0.57,0.9,0.83,0.95,0.85,0.9,0.95,0.8,0.92,0.79,0.98,0.83,0.82,0.87,0.84,0.97,0.89,0.98,0.79,0.9,0.7,0.96,0.91,0.88,0.85,0.64,0.84,0.94,0.19,0.82,0.86,0.73,0.82,0.84,0.9,0.85,0.92,0.36,1,0.65,0.88,0.93
